{
    "model_configuration": {
        "input_shape": [
            1,
            128,
            2
        ],
        "n_classes": 10,
        "output_channels": [
            16,
            32,
            48,
            64,
            96
        ],
        "kernel_sizes": [
            8,
            8,
            8,
            8,
            8
        ],
        "paddings": [
            "same",
            "same",
            "same",
            "same",
            "same"
        ],
        "max_pool_sizes": [
            2,
            1,
            2,
            1,
            2
        ],
        "max_pool_strides": [
            2,
            1,
            2,
            1,
            2
        ],
        "avg_size": 16,
        "dense_sizes": [
            96
        ],
        "name": "cnn_1d_v01x"
    },
    "model_name": "CNN_1D_V013",
    "n_parameters": 100906,
    "dataset_name": "RADIOML_2016",
    "dataset_path": "/home/phile/Documents/article/RISC-V-SIMD-extension-for-the-AI-workload/models/data/radioml_2016/RML2016.10b.dat",
    "short_description": "Smaller + dense + additional CNN at the beginning, 20 epochs lr==0.001",
    "train_history": {
        "loss": [
            1.3468989133834839,
            1.099818229675293,
            1.0376137495040894,
            1.013933539390564,
            1.0002285242080688,
            0.990340530872345,
            0.9760990738868713,
            0.9589435458183289,
            0.9449232816696167,
            0.9339930415153503,
            0.9252532720565796,
            0.9185615181922913,
            0.9126421213150024,
            0.9079168438911438,
            0.9033828973770142,
            0.8998592495918274,
            0.8961726427078247,
            0.8939465284347534,
            0.8909304141998291,
            0.8881841897964478
        ],
        "accuracy": [
            0.44119271636009216,
            0.5348989367485046,
            0.559806227684021,
            0.5690114498138428,
            0.5763062238693237,
            0.5834895968437195,
            0.5957750082015991,
            0.6075958609580994,
            0.6156541705131531,
            0.6217479109764099,
            0.6264176964759827,
            0.6288958191871643,
            0.6314083337783813,
            0.6338604092597961,
            0.6357489824295044,
            0.6374437212944031,
            0.6388000249862671,
            0.6399666666984558,
            0.6412843465805054,
            0.6419885158538818
        ],
        "val_loss": [
            1.1351821422576904,
            1.0633933544158936,
            1.0170291662216187,
            1.005994200706482,
            1.0297627449035645,
            0.9928261041641235,
            0.9775317907333374,
            0.9555599689483643,
            0.9441978931427002,
            0.9289416670799255,
            0.9340288043022156,
            0.9233360886573792,
            0.9180788993835449,
            0.9122971892356873,
            0.9080910682678223,
            0.9045929312705994,
            0.9050313234329224,
            0.9003027081489563,
            0.902856707572937,
            0.907569169998169
        ],
        "val_accuracy": [
            0.5220999717712402,
            0.5474833250045776,
            0.5711333155632019,
            0.5722083449363708,
            0.5687000155448914,
            0.5858666896820068,
            0.5970083475112915,
            0.60916668176651,
            0.6153500080108643,
            0.6242583394050598,
            0.6244916915893555,
            0.6258249878883362,
            0.630133330821991,
            0.6304833292961121,
            0.6354833245277405,
            0.6360499858856201,
            0.6347416639328003,
            0.6359916925430298,
            0.635366678237915,
            0.6341500282287598
        ],
        "lr": [
            0.0010000000474974513,
            0.0010000000474974513,
            0.0010000000474974513,
            0.0010000000474974513,
            0.0010000000474974513,
            0.0010000000474974513,
            0.0010000000474974513,
            0.0010000000474974513,
            0.0010000000474974513,
            0.0010000000474974513,
            0.0010000000474974513,
            0.0010000000474974513,
            0.0010000000474974513,
            0.0010000000474974513,
            0.0010000000474974513,
            0.0010000000474974513,
            0.0010000000474974513,
            0.0010000000474974513,
            0.0010000000474974513,
            0.0010000000474974513
        ]
    },
    "cm_val": [
        [
            7583,
            766,
            427,
            1406,
            677,
            215,
            280,
            311,
            333,
            45
        ],
        [
            606,
            9342,
            160,
            545,
            538,
            90,
            12,
            2,
            34,
            703
        ],
        [
            996,
            675,
            7727,
            1212,
            555,
            623,
            74,
            42,
            101,
            54
        ],
        [
            921,
            725,
            288,
            8937,
            724,
            156,
            69,
            70,
            85,
            39
        ],
        [
            742,
            830,
            214,
            1058,
            8551,
            123,
            25,
            17,
            59,
            178
        ],
        [
            659,
            534,
            605,
            903,
            381,
            8735,
            73,
            70,
            66,
            34
        ],
        [
            863,
            427,
            272,
            919,
            411,
            209,
            6747,
            1810,
            166,
            30
        ],
        [
            637,
            278,
            228,
            689,
            277,
            174,
            940,
            8804,
            161,
            29
        ],
        [
            1475,
            758,
            430,
            1433,
            669,
            217,
            270,
            237,
            6465,
            49
        ],
        [
            580,
            6443,
            162,
            628,
            760,
            77,
            19,
            7,
            38,
            3207
        ]
    ],
    "cls_to_acc_val": {
        "Overall": 0.63415,
        "8PSK": 0.6296603836253425,
        "AM-DSB": 0.7764295212765957,
        "BPSK": 0.6407662326892777,
        "CPFSK": 0.7438821375062428,
        "GFSK": 0.724845299652454,
        "PAM4": 0.7242951907131011,
        "QAM16": 0.5691749620381306,
        "QAM64": 0.7206351804862078,
        "QPSK": 0.5386153461634592,
        "WBFM": 0.2690210552805973
    },
    "snr_to_acc_val": {
        "-20.0": 0.1126879540462916,
        "-18.0": 0.11149768058316765,
        "-16.0": 0.1179718875502008,
        "-14.0": 0.16570945945945945,
        "-12.0": 0.22246474143720618,
        "-10.0": 0.3017595790166091,
        "-8.0": 0.4329018515484188,
        "-6.0": 0.5577206484362207,
        "-4.0": 0.6932535726154869,
        "-2.0": 0.8014065639651708,
        "0.0": 0.8732630169094258,
        "2.0": 0.9110811721118222,
        "4.0": 0.9187126741871268,
        "6.0": 0.9217141893031888,
        "8.0": 0.9227280362842264,
        "10.0": 0.9231541938724259,
        "12.0": 0.921031029387621,
        "14.0": 0.9203392649259937,
        "16.0": 0.9272847463229218,
        "18.0": 0.9248952221290864
    },