{
    "model_configuration": {
        "input_shape": [
            128,
            2
        ],
        "n_classes": 11,
        "output_channels": [
            32,
            48,
            64,
            96,
            128,
            192
        ],
        "kernel_sizes": [
            8,
            8,
            8,
            8,
            8,
            8
        ],
        "paddings": [
            "same",
            "same",
            "same",
            "same",
            "same",
            "same"
        ],
        "max_pool_sizes": [
            1,
            1,
            2,
            1,
            2,
            1
        ],
        "max_pool_strides": [
            1,
            1,
            2,
            1,
            2,
            1
        ],
        "avg_size": 32,
        "dense_sizes": [],
        "name": "cnn_1d_v01x"
    },
    "model_name": "CNN_1D_V012",
    "n_parameters": 386363,
    "dataset_name": "RADIOML_2016",
    "dataset_path": "/home/phile/Documents/article/RISC-V-SIMD-extension-for-the-AI-workload/models/data/radioml_2016/RML2016.10a_dict.pkl",
    "train_history": {
        "loss": [
            1.4185062646865845,
            1.2603014707565308,
            1.198044776916504,
            1.1684247255325317,
            1.1541082859039307,
            1.1416518688201904,
            1.1322989463806152,
            1.127413272857666,
            1.094290018081665,
            1.0896676778793335,
            1.0878397226333618,
            1.0863040685653687,
            1.0845303535461426,
            1.0830355882644653,
            1.0818415880203247,
            1.0804415941238403
        ],
        "accuracy": [
            0.46127840876579285,
            0.5188806653022766,
            0.5431079268455505,
            0.5564204454421997,
            0.5614432096481323,
            0.566011369228363,
            0.5701363682746887,
            0.5731250047683716,
            0.5894374847412109,
            0.5921875238418579,
            0.5931307077407837,
            0.5944488644599915,
            0.5953238606452942,
            0.596710205078125,
            0.597011387348175,
            0.5984602570533752
        ],
        "val_loss": [
            1.3158315420150757,
            1.2234572172164917,
            1.2058972120285034,
            1.1789064407348633,
            1.1624372005462646,
            1.1507272720336914,
            1.152576208114624,
            1.1514663696289062,
            1.1189578771591187,
            1.1213213205337524,
            1.1169369220733643,
            1.1188528537750244,
            1.1169421672821045,
            1.11509108543396,
            1.1172996759414673,
            1.1144986152648926
        ],
        "val_accuracy": [
            0.5042726993560791,
            0.5318182110786438,
            0.5413181781768799,
            0.5549091100692749,
            0.5622272491455078,
            0.5638181567192078,
            0.5635908842086792,
            0.5618636608123779,
            0.5741363763809204,
            0.5764999985694885,
            0.5770454406738281,
            0.5784545540809631,
            0.5791817903518677,
            0.5782272815704346,
            0.579727292060852,
            0.5809090733528137
        ],
        "lr": [
            0.0010000000474974513,
            0.0010000000474974513,
            0.0010000000474974513,
            0.0010000000474974513,
            0.0010000000474974513,
            0.0010000000474974513,
            0.0010000000474974513,
            0.0010000000474974513,
            9.999999747378752e-05,
            9.999999747378752e-05,
            9.999999747378752e-05,
            9.999999747378752e-05,
            9.999999747378752e-05,
            9.999999747378752e-05,
            9.999999747378752e-05,
            9.999999747378752e-05
        ]
    },
    "cm_val": [
        [
            1044,
            13,
            581,
            17,
            49,
            33,
            23,
            47,
            32,
            52,
            10
        ],
        [
            3,
            1350,
            418,
            5,
            6,
            48,
            12,
            2,
            0,
            7,
            127
        ],
        [
            9,
            48,
            1755,
            35,
            26,
            46,
            23,
            4,
            4,
            11,
            22
        ],
        [
            17,
            20,
            567,
            1202,
            22,
            25,
            75,
            13,
            9,
            15,
            7
        ],
        [
            30,
            23,
            567,
            8,
            1291,
            54,
            27,
            15,
            7,
            22,
            18
        ],
        [
            6,
            37,
            506,
            12,
            21,
            1325,
            14,
            1,
            2,
            5,
            51
        ],
        [
            16,
            23,
            408,
            75,
            25,
            11,
            1461,
            13,
            9,
            15,
            3
        ],
        [
            76,
            14,
            389,
            27,
            42,
            19,
            23,
            652,
            685,
            37,
            8
        ],
        [
            76,
            13,
            230,
            25,
            37,
            23,
            36,
            491,
            1107,
            41,
            5
        ],
        [
            104,
            20,
            582,
            23,
            59,
            29,
            28,
            47,
            25,
            1064,
            13
        ],
        [
            6,
            877,
            476,
            8,
            12,
            95,
            4,
            4,
            0,
            4,
            529
        ]
    ],
    "cls_to_acc_val": {
        "Overall": 0.5809090909090909,
        "8PSK": 0.5491846396633351,
        "AM-DSB": 0.6825075834175935,
        "AM-SSB": 0.8850226928895613,
        "BPSK": 0.6095334685598377,
        "CPFSK": 0.6260911736178467,
        "GFSK": 0.6691919191919192,
        "PAM4": 0.7095677513355998,
        "QAM16": 0.3306288032454361,
        "QAM64": 0.531190019193858,
        "QPSK": 0.5336008024072216,
        "WBFM": 0.26253101736972706
    },
    "snr_to_acc_val": {
        "-20.0": 0.08489722966934764,
        "-18.0": 0.09419014084507042,
        "-16.0": 0.10666666666666667,
        "-14.0": 0.12985865724381626,
        "-12.0": 0.1542649727767695,
        "-10.0": 0.2368881118881119,
        "-8.0": 0.37601442741208296,
        "-6.0": 0.5273224043715847,
        "-4.0": 0.6517690875232774,
        "-2.0": 0.7690875232774674,
        "0.0": 0.8355795148247979,
        "2.0": 0.8609332113449222,
        "4.0": 0.8493530499075785,
        "6.0": 0.8553875236294896,
        "8.0": 0.8631677600749765,
        "10.0": 0.8725314183123878,
        "12.0": 0.8716026241799437,
        "14.0": 0.8718428437792329,
        "16.0": 0.8551360842844601,
        "18.0": 0.8516129032258064
    },