{
    "ORIG_NO_QUANT_30MHz": [
        18.89277410507202,
        18.830750703811646,
        18.54180359840393,
        19.166257619857788,
        18.830608129501343,
        18.79713749885559,
        18.831143140792847,
        18.78135895729065,
        18.639323234558105,
        18.558478832244873
    ],
    "ORIF_NO_QUANT_75MHz": [
        7.518648862838745,
        7.487127065658569,
        7.3749098777771,
        7.614868879318237,
        7.486811637878418,
        7.486846685409546,
        7.487522602081299,
        7.470609903335571,
        7.4075140953063965,
        7.39087438583374
    ],
    "ORIG_75MHz": [
        1.0555665493011475,
        1.0396864414215088,
        1.0395808219909668,
        1.039684534072876,
        1.0395426750183105,
        1.040374994277954,
        1.0397930145263672,
        1.039759874343872,
        1.0394866466522217,
        1.038072109222412
    ],
    "ORIG_30MHz": [
        2.6381752490997314,
        2.6387901306152344,
        2.6379709243774414,
        2.653743028640747,
        2.6375837326049805,
        2.6375582218170166,
        2.654514789581299,
        2.6385765075683594,
        2.6370038986206055,
        2.638751745223999
    ],
    "SIMPL_75MHz": [
        0.7190027236938477,
        0.7190852165222168,
        0.7191998958587646,
        0.7192308902740479,
        0.7191839218139648,
        0.7351217269897461,
        0.7192068099975586,
        0.7190365791320801,
        0.7032723426818848,
        0.7191767692565918
    ],
    "SIMPL_30MHz": [
        1.8237338066101074,
        1.8390533924102783,
        1.8232808113098145,
        1.8380346298217773,
        1.8232181072235107,
        1.839097261428833,
        1.823157787322998,
        1.8080146312713623,
        1.822157859802246,
        1.8217885494232178
    ],
    "CFU_V1_30MHz": [
        0.3830127716064453,
        0.36711549758911133,
        0.3669896125793457,
        0.3817908763885498,
        0.3823528289794922,
        0.3660287857055664,
        0.36742234230041504,
        0.3833186626434326,
        0.3825502395629883,
        0.3816077709197998
    ],
    "CFU_V1_75MHz": [
        0.1581580638885498,
        0.1431577205657959,
        0.15887165069580078,
        0.14337515830993652,
        0.15963959693908691,
        0.1432788372039795,
        0.15926790237426758,
        0.14307355880737305,
        0.15942621231079102,
        0.14324641227722168
    ],
    "CFU_V2_30MHz": [
        0.3509407043457031,
        0.3358016014099121,
        0.35100698471069336,
        0.33528614044189453,
        0.33614158630371094,
        0.3352024555206299,
        0.33557724952697754,
        0.35120415687561035,
        0.33509063720703125,
        0.3515043258666992
    ],
    "CFU_V2_75MHz": [
        0.14371228218078613
    ],
    "CFU_V3_30MHz": [
        0.23916411399841309,
        0.2551858425140381,
        0.2390730381011963,
        0.2553679943084717,
        0.2391190528869629,
        0.25537872314453125,
        0.23908543586730957,
        0.2552814483642578,
        0.23947429656982422,
        0.2552490234375
    ],
    "CFU_v3_75MHz": [
        0.0954742431640625,
        0.1115257740020752,
        0.09538578987121582,
        0.095458984375,
        0.09543490409851074,
        0.0955967903137207,
        0.11145186424255371,
        0.09532690048217773,
        0.09551668167114258,
        0.09572482109069824
    ],
    "CFU_V4_30MHz": [
        0.2552299499511719,
        0.25513124465942383,
        0.2553708553314209,
        0.27080440521240234,
        0.25491952896118164,
        0.2546653747558594,
        0.2541689872741699,
        0.2705953121185303,
        0.254133939743042,
        0.2549474239349365
    ],
    "CFU_V5_30MHz": [
        0.25595831871032715,
        0.2544128894805908,
        0.2554051876068115,
        0.2554972171783447,
        0.2554440498352051,
        0.25470519065856934,
        0.25464701652526855,
        0.25539636611938477,
        0.2550170421600342,
        0.25540924072265625
    ],
    "CFU_V5_75MHz": [
        0.09560942649841309,
        0.09526681900024414,
        0.11153817176818848,
        0.0955204963684082,
        0.11146998405456543,
        0.09549307823181152,
        0.09533953666687012,
        0.11161518096923828
    ],
    "CFU_V6_30MHz": [
        0.20748090744018555,
        0.1907191276550293,
        0.2070324420928955,
        0.19014477729797363,
        0.20607829093933105,
        0.19021868705749512,
        0.20653367042541504,
        0.19118928909301758,
        0.20705080032348633,
        0.19140100479125977
    ],
    "CFU_V5x1_30MHz": [
        1.247762680053711,
        1.2471227645874023,
        1.2463204860687256,
        1.2457847595214844,
        1.246976375579834,
        1.2469031810760498,
        1.247093677520752,
        1.2462022304534912,
        1.262542486190796,
        1.246307611465454
    ],
    "CFU_V5x2_30MHz": [
        0.687000036239624,
        0.6873126029968262,
        0.6705265045166016,
        0.6865935325622559,
        0.6714158058166504,
        0.671018123626709,
        0.6870214939117432,
        0.6707813739776611,
        0.6862666606903076,
        0.6869213581085205
    ],
    "CFU_V5x4_30MHz": [
        0.3988206386566162,
        0.39898061752319336,
        0.39878249168395996,
        0.38347911834716797,
        0.3840456008911133,
        0.3995809555053711,
        0.3988001346588135,
        0.39958691596984863,
        0.39957571029663086,
        0.39891672134399414
    ],
    "CFU_V5x8_30MHz": [
        0.2549574375152588,
        0.2547740936279297,
        0.25493884086608887,
        0.2548966407775879,
        0.25491833686828613,
        0.2554807662963867,
        0.25547027587890625,
        0.255556583404541,
        0.25571775436401367,
        0.254946231842041
    ],
    "CFU_V5x16_30MHz": [
        0.17493462562561035,
        0.19079065322875977,
        0.175001859664917,
        0.1907951831817627,
        0.17515945434570312,
        0.17564773559570312,
        0.19092297554016113,
        0.17496275901794434,
        0.19098663330078125,
        0.17506933212280273
    ],
    "CFU_V5x24_30MHz": [
        0.15950775146484375,
        0.1593639850616455,
        0.1596510410308838,
        0.1591498851776123,
        0.1595475673675537,
        0.1595597267150879,
        0.15939545631408691,
        0.15937232971191406,
        0.15920472145080566,
        0.15953993797302246
    ],
    "CFU_V5x32_30MHz": [
        0.14343476295471191,
        0.15949678421020508,
        0.1435258388519287,
        0.1436142921447754,
        0.15929031372070312,
        0.14368581771850586,
        0.1434307098388672,
        0.15949344635009766,
        0.1435093879699707,
        0.1436324119567871
    ],
    "CFU_V6x1_30MHz": [
        1.1667253971099854,
        1.1513855457305908,
        1.1673471927642822,
        1.1492509841918945,
        1.1658883094787598,
        1.1512048244476318,
        1.1667966842651367,
        1.1507930755615234,
        1.16420316696167,
        1.1493024826049805
    ],
    "CFU_V6x2_30MHz": [
        0.6078946590423584,
        0.6068274974822998,
        0.606243371963501,
        0.6059391498565674,
        0.6227717399597168,
        0.6075341701507568,
        0.607621431350708,
        0.606351375579834,
        0.6228940486907959,
        0.6062934398651123
    ],
    "CFU_V6x4_30MHz": [
        0.3355138301849365,
        0.33547377586364746,
        0.335465669631958,
        0.33556342124938965,
        0.33542633056640625,
        0.3355376720428467,
        0.3355066776275635,
        0.3356208801269531,
        0.3354523181915283,
        0.33560752868652344
    ],